{
  "threshold": 0.01,
  "precision": 0.42242703533026116,
  "recall": 0.24997159413702988,
  "f1": 0.3140838032693269
}